"","MONTH","DATE","DESA","SITE_TYPE","SITE_NO","SITENAME_COMBINE","DEPLOYMENT","NO_CAMERA","TIME_DROPPED","TIME_PICKEDUP","LATITUDE","LONGITUDE","WATER_DEPTH_BEFORE","WATER_DEPTH_AFTER","VIDEO_FILENAME","NO_FILES","TIME_TOTALFOOTAGE","NO_BATTERY","WEATHER","TIDE_HEIGHT","TIDE_DIRECTION","NOTES_FIELD","F1_TIME","F2_TIME","F3_TIME","TOTALTIME_RECORDING","ANALYSISTIME_START","ANALYSISTIME_END","TOTALTIME_ANALYSIS","VISIBILITY","VEGITATION","NOTES_TIME","NO_ALLSPECIES","NO_FISHSPECIES","MAXN_UNIDGUPPY","TIME_1STUNIDGUPPY","T1_UNIDGUPPY","MAXN_GUPPYBOTH","TIME_1STGUPPYBOTH","T1_GUPPYBOTH","MAXN_GUPPYA","TIME_1STGUPPYA","T1_GUPPYA","MAXN_GUPPYB","TIME_1STGUPPYB","T1_GUPPYB","MAXN_BLOWFISH","TIME_1STBLOWFISH","T1_BLOWFISH","MAXN_FISHD","TIME_1STFISHD","T1_FISHD","MAXN_FISHE","TIME_1STFISHE","T1_FISHE","MAXN_FISHH","TIME_1STFISHH","T1_FISHH","MAXN_FISHJ","TIME_1STFISHJ","T1_FISHJ","MAXN_PIPEFISH","TIME_1STPIPEFISH","T1_PIPEFISH","NOTES_SPECIES","F4_TIME","F5_TIME","F6_TIME","MAXN_FISHN","TIME_1STFISHN","T1_FISHN","MAXN_FISHCHEETAGIRLZ","TIME_1STCHEETAGIRLZ","T1_FISHCHEETAGIRLZ","MAXN_KERONGKERONG","TIME_1STKERONGKERONG","T1_KERONGKERONG","MAXN_YL","TIME_1STYL","T1_YL","MAXN_BFLY1","TIME_1STBFLY1","T1_BFLY1","TIME_FISHJ","MAXN_VERTFISH","TIME_1STVERTFISH","T1_VERTFISH","MAXN_SANDFISH","TIME_1STSANDFISH","T1_SANDFISH","MAXN_YELLOWGUPPY","TIME_1STYELLOWGUPPY","T1_YELLOWGUPPY","MAXN_CHEETAGIRLZ","T1_CHEETAGIRLZ","MAXN_YELLOWSTRIPE","TIME_1STYELLOWSTRIPE","T1_YELLOWSTRIPE","MAXN_FISHO","TIME_1STFISHO","T1_FISHO","MAXN_GARONGGONG","TIME_1STGARONGGONG","T1_GARONGGONG","MAXN_FISHP","TIME_1STFISHP","T1_FISHP","MAXN_LILFREAK","TIME_1STLILFREAK","T1_LILFREAK","WATER_DEPTH_AVERAGE","MAXN_FISHF","MAXN_FISHM","MAXN_FISHK","SHANNON_DIV","MAXN_TOTAL"
"1","FEBRUARY",2024-02-26,"LANTANGPEO","D",4,"D4",1,"14",16:06:00,NA,-5.469427,119.299718,30,NA,"26_02_2024_1602_C14_D1_LTPD4",2,01:21:00,"B14","CLOUDY, JUST AFTER RAIN",0.3,"D","",00:38:05,00:43:26,NA,01:21:31,00:31:31,NA,00:50:00,80,0,"",0,0,0,NA,NA,0,NA,NA,0,NA,NA,0,NA,NA,0,NA,NA,0,NA,NA,0,NA,NA,0,NA,NA,0,NA,NA,0,NA,NA,NA,NA,NA,NA,0,NA,NA,0,NA,NA,0,NA,NA,0,NA,NA,0,NA,NA,NA,0,NA,NA,0,NA,NA,0,NA,NA,0,NA,0,NA,NA,0,NA,NA,0,NA,NA,0,NA,NA,0,NA,NA,30,0,0,0,0,0
"2","FEBRUARY",2024-02-26,"LANTANGPEO","L",6,"L6",2,"12",16:24:00,NA,-5.468658,119.30044,40,NA,"26_02_2024_1624_C12_D2_LTPL6",2,01:10:00,"B11","CLOUDY, JUST AFTER RAIN",0.29,"D","",00:50:47,00:20:44,NA,01:11:31,00:10:42,00:00:20,01:00:29,40,60,"",3,2,0,NA,NA,0,NA,NA,0,NA,NA,0,NA,NA,1,00:51:32,00:40:50,0,NA,NA,0,NA,NA,0,NA,NA,0,NA,NA,3,00:18:07,00:07:25,NA,NA,NA,NA,0,NA,NA,0,NA,NA,0,NA,NA,0,NA,NA,0,NA,NA,NA,0,NA,NA,0,NA,NA,0,NA,NA,0,NA,0,NA,NA,0,NA,NA,0,NA,NA,0,NA,NA,0,NA,NA,40,0,0,0,0,1
"3","FEBRUARY",2024-02-27,"LANTANGPEO","E",5,"E5",1,"1",15:15:00,17:05:00,-5.462087,119.286387,55,50,"27_02_2024_1515_C1_D1_LTPE5",3,01:51:00,"B2","SUNNY, NO RAIN, LIGHT CLOUDS",0.26,"I","HOBO #1",00:37:58,00:42:20,00:28:57,01:49:15,00:10:20,00:32:17,01:06:38,80,0,"F3 UNUSED",1,1,0,NA,NA,0,NA,NA,7,00:11:42,00:01:22,0,NA,NA,0,NA,NA,0,NA,NA,0,NA,NA,0,NA,NA,0,NA,NA,0,NA,NA,NA,NA,NA,NA,0,NA,NA,0,NA,NA,0,NA,NA,0,NA,NA,0,NA,NA,NA,0,NA,NA,0,NA,NA,0,NA,NA,0,NA,0,NA,NA,0,NA,NA,0,NA,NA,0,NA,NA,0,NA,NA,52.5,0,0,0,0,7
"4","FEBRUARY",2024-02-27,"LANTANGPEO","E",4,"E4",2,"5",15:33:00,17:16:00,-5.463977,119.287265,52,60,"27_02_2024_1533_C5_D2_LTPE4",2,01:03:00,"B3","SUNNY, NO RAIN, LIGHT CLOUDS",0.28,"I","",00:34:17,00:29:51,NA,01:04:08,00:06:00,NA,00:58:08,80,25,"",2,1,0,NA,NA,0,NA,NA,0,NA,NA,0,NA,NA,0,NA,NA,0,NA,NA,0,NA,NA,0,NA,NA,0,NA,NA,1,00:09:24,00:03:24,NA,NA,NA,NA,0,NA,NA,0,NA,NA,0,NA,NA,0,NA,NA,0,NA,NA,NA,0,NA,NA,0,NA,NA,0,NA,NA,0,NA,0,NA,NA,0,NA,NA,0,NA,NA,0,NA,NA,0,NA,NA,56,0,0,0,0,0
"5","FEBRUARY",2024-02-27,"LANTANGPEO","L",5,"L5",3,"11",16:00:00,17:54:00,-5.468266,119.301949,18,30,"27_02_2024_1600_C11_D3_LTPL5",3,00:57:00,"B6","SUNNY, NO RAIN, LIGHT CLOUDS",0.3,"I","",00:26:49,00:36:01,00:05:54,01:08:44,00:12:00,NA,00:56:44,60,60,"",5,4,1,01:11:46,00:59:46,0,NA,NA,0,NA,NA,0,NA,NA,1,00:44:29,00:32:29,1,00:50:17,00:38:17,0,NA,NA,0,NA,NA,0,NA,NA,2,00:30:05,00:18:05,NA,NA,NA,NA,0,NA,NA,0,NA,NA,0,NA,NA,0,NA,NA,0,NA,NA,NA,0,NA,NA,0,NA,NA,0,NA,NA,0,NA,0,NA,NA,0,NA,NA,0,NA,NA,0,NA,NA,0,NA,NA,24,0,0,0,0.693147180559945,2
"6","FEBRUARY",2024-02-27,"LANTANGPEO","D",5,"D5",4,"12",16:08:00,17:52:00,-5.468756,119.302103,20,30,"27_02_2024_1608_C12_D4_LTPD5",3,01:06:00,"B11","SUNNY, NO RAIN, LIGHT CLOUDS",0.3,"I","",00:33:29,00:30:40,00:03:17,01:07:26,00:10:00,NA,00:57:26,60,5,"",2,1,0,NA,NA,0,NA,NA,0,NA,NA,0,NA,NA,0,NA,NA,0,NA,NA,0,NA,NA,0,NA,NA,0,NA,NA,1,00:16:48,00:06:48,NA,NA,NA,NA,0,NA,NA,0,NA,NA,0,NA,NA,0,NA,NA,0,NA,NA,NA,0,NA,NA,0,NA,NA,0,NA,NA,0,NA,0,NA,NA,0,NA,NA,0,NA,NA,0,NA,NA,0,NA,NA,25,0,0,0,0,0
"7","FEBRUARY",2024-02-27,"LANTANGPEO","L",4,"L4",5,"14",16:28:00,18:07:00,-5.46633,119.30279,30,40,"27_02_2024_1628_C14_D5_LTPL4",3,01:03:00,"B14","SUNNY, NO RAIN, LIGHT CLOUDS",0.3,"D","HOBO #2",00:30:54,00:31:48,00:02:30,01:05:12,00:05:00,NA,01:00:12,100,50,"",3,2,0,NA,NA,0,NA,NA,0,NA,NA,0,NA,NA,1,00:43:11,00:38:11,0,NA,NA,0,NA,NA,0,NA,NA,0,NA,NA,1,00:10:09,00:05:09,NA,NA,NA,NA,0,NA,NA,0,NA,NA,0,NA,NA,0,NA,NA,0,NA,NA,NA,0,NA,NA,0,NA,NA,0,NA,NA,0,NA,0,NA,NA,0,NA,NA,0,NA,NA,0,NA,NA,0,NA,NA,35,0,0,0,0,1
"8","FEBRUARY",2024-02-27,"LANTANGPEO","D",6,"D6",6,"15",16:37:00,18:01:00,-5.46712,119.302792,25,35,"27_02_2024_1637_C15_D6_LTPD6",2,01:15:00,"B18","SUNNY, NO RAIN, LIGHT CLOUDS",0.3,"D","HOBO #3, AIR MASUK",00:44:55,00:29:25,NA,01:14:20,00:05:00,00:06:57,01:02:23,40,0,"",1,1,0,NA,NA,1,01:01:09,00:56:09,0,NA,NA,0,NA,NA,0,NA,NA,0,NA,NA,0,NA,NA,0,NA,NA,0,NA,NA,0,NA,NA,NA,NA,NA,NA,0,NA,NA,0,NA,NA,0,NA,NA,0,NA,NA,0,NA,NA,NA,0,NA,NA,0,NA,NA,0,NA,NA,0,NA,0,NA,NA,0,NA,NA,0,NA,NA,0,NA,NA,0,NA,NA,30,0,0,0,0,1
"9","FEBRUARY",2024-02-27,"LANTANGPEO","E",6,"E6",7,"1",17:34:00,18:41:00,-5.463889,119.288041,15,39,"27_02_2024_1734_C1_D7_LTPE6",1,01:08:00,"B25","SUNNY, NO RAIN, LIGHT CLOUDS",0.26,"D","",01:08:26,NA,NA,01:08:26,00:10:00,00:13:51,00:44:35,60,0,"VISIBILITY TAKEN AS AVERAGE. TIME STOP DUE TO DARKNESS",2,2,1,00:35:53,00:25:53,0,NA,NA,0,NA,NA,0,NA,NA,0,NA,NA,0,NA,NA,0,NA,NA,0,NA,NA,0,NA,NA,1,00:40:36,00:30:36,NA,NA,NA,NA,0,NA,NA,0,NA,NA,0,NA,NA,0,NA,NA,0,NA,NA,NA,0,NA,NA,0,NA,NA,0,NA,NA,0,NA,0,NA,NA,0,NA,NA,0,NA,NA,0,NA,NA,0,NA,NA,27,0,0,0,0,0
"10","FEBRUARY",2024-02-28,"TOMPOTANA","E",1,"E1",1,"1",15:00:00,16:16:00,-5.29412,119.18712,100,NA,"28_02_2024_1500_C1_D1_TMPE1",2,01:52:00,"B2","SUNNY, NO RAIN, LIGHT CLOUDS",0.25,"I","",00:48:05,01:04:25,NA,01:52:30,00:05:43,00:43:22,01:03:25,100,0,"",4,3,1,00:12:54,00:07:11,0,NA,NA,0,NA,NA,0,NA,NA,0,NA,NA,0,NA,NA,0,NA,NA,0,NA,NA,0,NA,NA,1,00:37:36,00:31:53,NA,NA,NA,NA,0,NA,NA,0,NA,NA,0,NA,NA,0,NA,NA,0,NA,NA,NA,0,NA,NA,0,NA,NA,0,NA,NA,0,NA,0,NA,NA,0,NA,NA,0,NA,NA,0,NA,NA,0,NA,NA,100,1,0,0,0,1
"11","FEBRUARY",2024-02-28,"TOMPOTANA","E",2,"E2",2,"5",15:09:00,16:21:00,-5.2952,119.18755,65,NA,"28_02_2024_1509_C5_D2_TMPE2",2,01:09:00,"B3","SUNNY, NO RAIN, LIGHT CLOUDS",0.25,"I","MAJORITY OF 2ND FILE IS BAG LOL",00:39:48,00:30:54,NA,01:10:42,00:10:00,NA,01:00:42,100,25,"",4,4,1,00:12:56,00:02:56,1,00:49:08,00:39:08,0,NA,NA,1,00:23:11,00:13:11,0,NA,NA,0,NA,NA,0,NA,NA,0,NA,NA,0,NA,NA,3,00:20:03,00:10:03,NA,NA,NA,NA,0,NA,NA,0,NA,NA,0,NA,NA,0,NA,NA,0,NA,NA,NA,0,NA,NA,0,NA,NA,0,NA,NA,0,NA,0,NA,NA,0,NA,NA,0,NA,NA,0,NA,NA,0,NA,NA,65,1,0,0,1.09861228866811,3
"12","FEBRUARY",2024-02-28,"TOMPOTANA","E",3,"E3",3,"11",15:16:00,16:33:00,-5.2957,119.18718,65,NA,"28_02_2024_1516_C11_D3_TMPE3",3,01:07:00,"B6","SUNNY, NO RAIN, LIGHT CLOUDS",0.28,"I","",00:32:48,00:32:43,00:03:57,01:09:28,00:06:00,NA,01:03:28,20,20,"VISIBILTY TAKEN AS AVERAGE",3,3,2,00:41:00,00:35:00,0,NA,NA,1,00:48:03,00:42:03,0,NA,NA,1,00:45:20,00:39:20,0,NA,NA,0,NA,NA,0,NA,NA,0,NA,NA,3,00:06:34,00:00:34,NA,NA,NA,NA,0,NA,NA,0,NA,NA,0,NA,NA,0,NA,NA,0,NA,NA,NA,0,NA,NA,0,NA,NA,0,NA,NA,0,NA,0,NA,NA,0,NA,NA,0,NA,NA,0,NA,NA,0,NA,NA,65,0,0,0,0.693147180559945,2
"13","FEBRUARY",2024-02-28,"TOMPOTANA","D",2,"D2",4,"12",15:31:00,16:43:00,-5.29285,119.18587,50,NA,"28_02_2024_1531_C12_D4_TMPD2",3,01:06:00,"B11","SUNNY, NO RAIN, LIGHT CLOUDS",0.28,"I","",00:25:43,00:25:43,00:16:50,01:08:16,00:10:00,NA,00:58:16,70,25,"",2,1,0,NA,NA,0,NA,NA,0,NA,NA,0,NA,NA,1,00:18:10,00:08:10,0,NA,NA,0,NA,NA,0,NA,NA,0,NA,NA,0,NA,NA,NA,NA,NA,NA,0,NA,NA,0,NA,NA,0,NA,NA,0,NA,NA,0,NA,NA,NA,0,NA,NA,0,NA,NA,0,NA,NA,0,NA,0,NA,NA,0,NA,NA,0,NA,NA,0,NA,NA,0,NA,NA,50,0,0,0,0,1
"14","FEBRUARY",2024-02-28,"TOMPOTANA","D",3,"D3",5,"14",15:45:00,17:01:00,-5.29357,119.18587,70,NA,"28_02_2024_1545_C14_D5_TMPD3",3,01:03:00,"B19","SUNNY, NO RAIN, LIGHT CLOUDS",0.3,"I","",00:29:40,00:26:48,00:08:33,01:05:01,00:15:00,NA,00:50:01,100,0,"",0,0,0,NA,NA,0,NA,NA,0,NA,NA,0,NA,NA,0,NA,NA,0,NA,NA,0,NA,NA,0,NA,NA,0,NA,NA,0,NA,NA,NA,NA,NA,NA,0,NA,NA,0,NA,NA,0,NA,NA,0,NA,NA,0,NA,NA,NA,0,NA,NA,0,NA,NA,0,NA,NA,0,NA,0,NA,NA,0,NA,NA,0,NA,NA,0,NA,NA,0,NA,NA,70,0,0,0,0,0
"15","FEBRUARY",2024-02-29,"TOMPOTANA","D",1,"D1",1,"12",15:39:00,NA,-5.479312,119.311633,67,65,"29_02_2024_1539_C12_D1_TMPD1",3,01:03:00,"UNNUMBERED","SUNNY, NO RAIN, LIGHT CLOUDS",0.29,"I","",00:25:43,00:25:43,00:13:39,01:05:05,00:05:00,NA,01:00:05,100,75,"",4,3,1,11:42:00,11:37:00,0,NA,NA,0,NA,NA,0,NA,NA,0,NA,NA,0,NA,NA,0,NA,NA,10,00:44:06,00:39:06,0,NA,NA,4,00:05:24,00:00:24,NA,NA,NA,NA,0,NA,NA,0,NA,NA,0,NA,NA,0,NA,NA,0,NA,NA,NA,0,NA,NA,0,NA,NA,0,NA,NA,0,NA,0,NA,NA,0,NA,NA,0,NA,NA,0,NA,NA,0,NA,NA,66,1,0,0,0.304636097349238,11
"16","FEBRUARY",2024-02-29,"TOMPOTANA","L",3,"L3",2,"5",15:49:00,17:02:00,-5.479395,119.311952,51,50,"29_02_2024_1549_C5_D2_TMPL3",2,01:13:00,"B24","SUNNY, NO RAIN, LIGHT CLOUDS",0.31,"I","",00:47:07,00:26:23,NA,01:13:30,00:05:00,00:05:08,01:03:22,100,100,"",4,3,0,NA,NA,20,00:08:05,00:03:05,0,NA,NA,0,NA,NA,0,NA,NA,0,NA,NA,0,NA,NA,0,NA,NA,0,NA,NA,3,00:21:26,00:16:26,NA,NA,NA,NA,0,NA,NA,0,NA,NA,0,NA,NA,0,NA,NA,0,NA,NA,NA,0,NA,NA,0,NA,NA,0,NA,NA,0,NA,0,NA,NA,0,NA,NA,0,NA,NA,0,NA,NA,0,NA,NA,50.5,1,0,0,0.191444081957717,21
"17","FEBRUARY",2024-02-29,"TOMPOTANA","L",2,"L2",3,"14",16:05:00,17:21:00,-5.481129,119.312169,65,51,"29_02_2024_1605_C14_D3_TMPL2",2,01:13:00,"B25","SUNNY, NO RAIN, LIGHT CLOUDS",0.31,"I","",00:39:41,00:34:42,NA,01:14:23,00:06:21,00:05:24,01:02:38,100,100,"",4,2,0,NA,NA,0,NA,NA,0,NA,NA,0,NA,NA,0,NA,NA,0,NA,NA,0,NA,NA,0,NA,NA,0,NA,NA,6,00:06:38,00:00:17,NA,NA,NA,NA,0,NA,NA,0,NA,NA,0,NA,NA,0,NA,NA,0,NA,NA,NA,0,NA,NA,0,NA,NA,0,NA,NA,0,NA,0,NA,NA,0,NA,NA,0,NA,NA,0,NA,NA,0,NA,NA,58,1,0,0,0,1
"18","FEBRUARY",2024-02-29,"TOMPOTANA","L",1,"L1",4,"11",16:18:00,17:28:00,-5.481019,119.311773,60,65,"29_02_2024_1618_C11_D4_TMPL1",2,01:10:00,"B14","SUNNY, NO RAIN, LIGHT CLOUDS",0.31,"I","",00:49:43,00:21:32,NA,01:11:15,00:05:30,00:05:29,01:00:16,100,90,"",4,3,0,NA,NA,0,NA,NA,0,NA,NA,0,NA,NA,0,NA,NA,0,NA,NA,0,NA,NA,0,NA,NA,1,00:11:08,00:05:38,2,00:15:09,00:09:39,NA,NA,NA,NA,0,NA,NA,0,NA,NA,0,NA,NA,0,NA,NA,0,NA,NA,NA,0,NA,NA,0,NA,NA,0,NA,NA,0,NA,0,NA,NA,0,NA,NA,0,NA,NA,0,NA,NA,0,NA,NA,62.5,1,0,0,0.693147180559945,2
"19","MARCH",2024-03-27,"TOMPOTANA","D",2,"D2",1,"5",14:40:00,NA,-5.488066,119.313127,34,22,"27_03_2024_1440_C5_D1_TMPD2",3,NA,"B14","SUNNY, RAINED EARLIER",0.23,"D","",00:29:35,00:25:44,00:07:32,01:02:51,00:05:29,NA,00:57:22,90,85,NA,5,4,0,NA,NA,1,00:24:38,00:19:09,0,NA,NA,0,NA,NA,0,NA,NA,0,NA,NA,0,NA,NA,0,NA,NA,0,NA,NA,3,00:05:57,00:00:28,NA,NA,NA,NA,1,00:26:43,00:21:14,0,NA,NA,0,NA,NA,0,NA,NA,0,NA,NA,"",0,NA,NA,0,NA,NA,0,NA,NA,0,NA,0,NA,NA,0,NA,NA,0,NA,NA,0,NA,NA,0,NA,NA,28,0,0,1,1.09861228866811,3
"20","MARCH",2024-03-27,"TOMPOTANA","D",3,"D3",2,"NEW",14:58:00,NA,-5.1189571,119.309404,43,31,"27_03_2024_1458_CNEW_D2_TMPD3",6,NA,"BN1","SUNNY, RAINED EARLIER",0.22,"D","LOCATION CHANGE",00:25:18,00:21:24,00:21:24,01:52:32,00:15:00,00:36:18,01:01:14,80,90,NA,0,0,0,NA,NA,0,NA,NA,0,NA,NA,0,NA,NA,0,NA,NA,0,NA,NA,0,NA,NA,0,NA,NA,0,NA,NA,0,NA,NA,NA,00:21:24,00:21:24,00:01:38,0,NA,NA,0,NA,NA,0,NA,NA,0,NA,NA,0,NA,NA,"",0,NA,NA,0,NA,NA,0,NA,NA,0,NA,0,NA,NA,0,NA,NA,0,NA,NA,0,NA,NA,0,NA,NA,37,0,0,0,0,0
"21","MARCH",2024-03-27,"TOMPOTANA","L",2,"L2",3,"11",15:21:00,17:12:00,-5.481132,119.31211,50,NA,"27_03_2024_1521_C11_D3_TMPL2",3,NA,"B11","SUNNY, RAINED EARLIER",0.2,"D","",00:32:06,00:42:31,00:13:05,01:27:42,00:05:16,00:24:05,00:58:21,80,80,NA,6,5,1,00:49:18,00:44:02,0,NA,NA,0,NA,NA,0,NA,NA,0,NA,NA,0,NA,NA,1,00:23:27,00:18:11,0,NA,NA,0,NA,NA,6,00:05:26,00:00:10,NA,NA,NA,NA,0,NA,NA,0,NA,NA,0,NA,NA,0,NA,NA,0,NA,NA,"",0,NA,NA,0,NA,NA,0,NA,NA,0,NA,0,NA,NA,0,NA,NA,0,NA,NA,0,NA,NA,0,NA,NA,50,1,0,0,0.693147180559945,2
"22","MARCH",2024-03-28,"TOMPOTANA","L",3,"L3",1,"1",12:46:00,14:00:00,-5.47936,119.312033,45,50,"28_03_2024_1246_C1_D1_TMPL3",2,NA,"B3","RAIN DURING RECORDING",0.19,"I","REDO",00:46:52,00:29:29,NA,01:16:21,00:05:40,00:10:00,01:00:41,100,85,NA,3,2,0,NA,NA,3,NA,06:49:20,0,NA,NA,0,NA,NA,0,NA,NA,0,NA,NA,0,NA,NA,0,NA,NA,0,NA,NA,5,NA,06:04:20,NA,NA,NA,NA,0,NA,NA,0,NA,NA,0,NA,NA,0,NA,NA,0,NA,NA,"",0,NA,NA,0,NA,NA,0,NA,NA,0,NA,0,NA,NA,0,NA,NA,0,NA,NA,0,NA,NA,0,NA,NA,47.5,0,0,0,0,3
"23","MARCH",2024-03-28,"TOMPOTANA","D",1,"D1",2,"12",12:49:00,14:06:00,-5.479324,119.311574,60,61,"28_03_2023_1249_C12_D2_TMPD1",3,NA,"B24","RAIN DURING RECORDING",0.19,"I","REDO",00:28:33,00:33:49,00:03:44,01:06:06,00:05:27,NA,01:00:39,100,85,NA,3,3,3,00:36:31,00:31:04,0,NA,NA,0,NA,NA,0,NA,NA,0,NA,NA,0,NA,NA,0,NA,NA,0,NA,NA,0,NA,NA,2,00:31:35,00:26:08,NA,NA,NA,NA,0,NA,NA,0,NA,NA,0,NA,NA,0,NA,NA,0,NA,NA,"",0,NA,NA,0,NA,NA,0,NA,NA,0,NA,0,NA,NA,0,NA,NA,0,NA,NA,0,NA,NA,0,NA,NA,60.5,1,0,0,0,1
"24","MARCH",2024-03-28,"TOMPOTANA","L",1,"L1",3,"NEW",12:57:00,14:11:00,-5.481016,119.311281,53,55,"28_03_2024_1257_CNEW_D3_TMPL1",5,NA,"BN1","RAIN DURING RECORDING",0.19,"I","REDO",00:01:16,00:23:59,00:21:24,01:15:16,00:06:41,00:07:13,01:01:22,100,40,NA,4,3,1,00:26:50,00:20:09,3,00:25:22,00:18:41,0,NA,NA,0,NA,NA,0,NA,NA,0,NA,NA,0,NA,NA,0,NA,NA,0,NA,NA,2,00:09:51,00:03:10,NA,00:21:24,00:07:13,NA,0,NA,NA,0,NA,NA,0,NA,NA,0,NA,NA,0,NA,NA,"",0,NA,NA,0,NA,NA,0,NA,NA,0,NA,0,NA,NA,0,NA,NA,0,NA,NA,0,NA,NA,0,NA,NA,54,0,0,0,0,3
"25","MARCH",2024-03-28,"TOMPOTANA","E",2,"E2",4,"5",13:13:00,14:28:00,-5.491987,119.312573,67,68,"28_03_2023_1313_C5_D4_TMPE2",2,NA,"B19","RAIN DURING RECORDING",0.19,"I","",00:37:21,00:36:32,NA,01:13:53,00:05:06,00:00:44,01:08:03,90,80,NA,12,10,1,00:34:03,00:28:57,2,00:11:06,00:06:00,0,NA,NA,0,NA,NA,1,00:32:51,00:27:45,0,NA,NA,1,00:34:03,00:28:57,0,NA,NA,0,NA,NA,1,00:06:05,00:00:59,NA,NA,NA,NA,0,NA,NA,1,01:05:03,00:59:57,0,NA,NA,1,01:10:49,01:05:43,0,NA,NA,"",0,NA,NA,0,NA,NA,0,NA,NA,0,NA,0,NA,NA,0,NA,NA,0,NA,NA,0,NA,NA,0,NA,NA,67.5,14,1,0,1.2191368674504,21
"26","MARCH",2024-03-28,"TOMPOTANA","E",3,"E3",5,"14",13:23:00,14:34:00,-5.49282,119.31198,50,59,"28_03_2024_1323_C14_D5_TMPE3",3,NA,"UNNAME","RAIN DURING RECORDING",0.22,"I","",00:28:12,00:34:50,00:08:19,01:11:21,00:05:20,00:08:19,00:57:42,100,30,NA,2,1,0,NA,NA,0,NA,NA,0,NA,NA,0,NA,NA,0,NA,NA,0,NA,NA,0,NA,NA,0,NA,NA,0,NA,NA,5,NA,00:13:23,NA,NA,NA,NA,0,NA,NA,0,NA,NA,0,NA,NA,0,NA,NA,0,NA,NA,"",0,NA,NA,0,NA,NA,0,NA,NA,0,NA,0,NA,NA,0,NA,NA,0,NA,NA,0,NA,NA,0,NA,NA,54.5,0,0,0,0,0
"27","MARCH",2024-03-28,"TOMPOTANA","E",1,"E1",6,"11",13:34:00,14:51:00,-5.490191,119.311859,95,98,"28_03_2024_1334_C11_D6_TMPE1",2,NA,"B18","RAIN DURING RECORDING",0.22,"I","",00:42:09,00:37:47,NA,01:19:56,00:06:21,00:13:35,01:00:00,100,30,NA,6,5,2,00:38:14,00:31:53,0,NA,NA,0,NA,NA,0,NA,NA,0,NA,NA,0,NA,NA,1,00:26:40,00:20:19,0,NA,NA,2,NA,00:41:38,0,NA,NA,NA,NA,NA,NA,0,NA,NA,0,NA,NA,0,NA,NA,0,NA,NA,1,00:33:30,00:27:09,"0:47:59",0,NA,NA,0,NA,NA,0,NA,NA,0,NA,0,NA,NA,0,NA,NA,0,NA,NA,0,NA,NA,0,NA,NA,96.5,0,0,1,1.33217904021012,5
"28","MARCH",2024-03-29,"LANTANGPEO","E",4,"E4",1,"1",07:40:00,09:28:00,-5.463951,119.287291,68,39,"29_03_2024_0740_C1_D1_LTPE4",4,NA,"BN2","SUNNY",0.18,"D","",00:25:43,00:25:43,00:25:43,01:28:56,00:05:22,00:21:47,01:01:47,100,80,NA,5,2,0,NA,NA,0,NA,NA,0,NA,NA,0,NA,NA,0,NA,NA,0,NA,NA,0,NA,NA,0,NA,NA,0,NA,NA,0,NA,NA,NA,00:11:47,NA,NA,0,NA,NA,0,NA,NA,0,NA,NA,0,NA,NA,0,NA,NA,"",0,NA,NA,0,NA,NA,0,NA,NA,0,NA,0,NA,NA,0,NA,NA,0,NA,NA,0,NA,NA,0,NA,NA,53.5,1,0,1,0.693147180559945,2
"29","MARCH",2024-03-29,"LANTANGPEO","E",6,"E6",2,"12",07:46:00,09:26:00,-5.463902,119.28802,45,61,"29_03_2024_0746_C12_D2_LTPE6",3,NA,"B18","SUNNY",0.15,"D","",00:31:01,00:27:33,00:14:02,01:12:36,00:08:28,NA,01:04:08,100,50,NA,6,5,2,00:19:12,00:10:44,0,NA,NA,0,NA,NA,0,NA,NA,0,NA,NA,0,NA,NA,0,NA,NA,0,NA,NA,0,NA,NA,0,NA,NA,NA,NA,NA,NA,0,NA,NA,0,NA,NA,1,NA,00:06:21,0,NA,NA,0,NA,NA,"",0,NA,NA,0,NA,NA,0,NA,NA,0,NA,0,NA,NA,0,NA,NA,0,NA,NA,0,NA,NA,0,NA,NA,53,0,1,2,1.03972077083992,4
"30","MARCH",2024-03-29,"LANTANGPEO","E",5,"E5",3,"NEW",08:09:00,09:17:00,-5.462089,119.286874,68,63,"29_03_2024_0809_CNEW_D3_LTPE5",4,NA,"B14","SUNNY",0.15,"D","",00:21:24,00:21:24,00:21:24,01:08:59,00:06:36,00:02:00,01:00:23,80,80,NA,4,3,0,NA,NA,0,NA,NA,1,00:44:00,00:37:24,0,NA,NA,0,NA,NA,0,NA,NA,0,NA,NA,0,NA,NA,0,NA,NA,0,NA,NA,NA,00:04:47,NA,NA,0,NA,NA,0,NA,NA,0,NA,NA,0,NA,NA,0,NA,NA,"",0,NA,NA,0,NA,NA,0,NA,NA,0,NA,0,NA,NA,0,NA,NA,0,NA,NA,0,NA,NA,0,NA,NA,65.5,12,0,1,0.509137344082687,14
"31","MARCH",2024-03-29,"LANTANGPEO","L",6,"L6",4,"12",13:44:00,15:48:00,-5.468651,119.300428,33,30,"29_03_2024_1344_C12_D4_LTPL6",2,NA,"B11","CLOUDY",0.24,"I","",00:42:05,00:41:06,NA,01:23:11,00:10:30,00:11:30,01:01:11,100,90,NA,5,4,0,NA,NA,1,01:00:36,00:50:06,10,00:36:17,00:25:47,0,NA,NA,1,00:48:45,00:38:15,0,NA,NA,0,NA,NA,0,NA,NA,0,NA,NA,2,19:15:00,19:04:30,NA,NA,NA,NA,0,NA,NA,0,NA,NA,0,NA,NA,0,NA,NA,0,NA,NA,"",0,NA,NA,0,NA,NA,0,NA,NA,0,NA,0,NA,NA,0,NA,NA,0,NA,NA,0,NA,NA,0,NA,NA,31.5,0,0,0,0.566085738959629,12
"32","MARCH",2024-03-29,"LANTANGPEO","D",4,"D4",5,"1",13:50:00,15:48:00,-5.468826,119.300459,36,30,"29_03_2024_1350_C1_D5_LTPD4",3,NA,"B3","CLOUDY",0.26,"I","",00:25:43,00:32:03,00:23:18,01:21:04,00:05:59,00:13:18,01:01:47,100,80,NA,3,3,0,NA,NA,1,00:33:14,00:27:15,0,NA,NA,0,NA,NA,1,00:19:11,00:13:12,0,NA,NA,0,NA,NA,0,NA,NA,0,NA,NA,3,00:06:05,00:00:06,NA,NA,NA,NA,0,NA,NA,0,NA,NA,0,NA,NA,0,NA,NA,0,NA,NA,"",0,NA,NA,0,NA,NA,0,NA,NA,0,NA,0,NA,NA,0,NA,NA,0,NA,NA,0,NA,NA,0,NA,NA,33,0,0,0,0.693147180559945,2
"33","MARCH",2024-03-29,"LANTANGPEO","L",5,"L5",6,"NEW",13:58:00,15:41:00,-5.468251,119.301957,23,18,"29_03_2024_1358_CNEW_D6_LTPL5",4,NA,"B6","CLOUDY",0.26,"I","",00:31:36,00:21:24,00:22:59,01:15:59,00:24:20,NA,00:51:39,100,60,NA,6,4,0,NA,NA,1,04:48:00,NA,0,NA,NA,0,NA,NA,1,00:32:46,00:08:26,0,NA,NA,0,NA,NA,0,NA,NA,0,NA,NA,2,02:09:00,NA,NA,NA,NA,NA,0,NA,NA,0,NA,NA,0,NA,NA,0,NA,NA,0,NA,NA,"",0,NA,NA,0,NA,NA,0,NA,NA,0,NA,0,NA,NA,0,NA,NA,0,NA,NA,0,NA,NA,0,NA,NA,20.5,0,0,0,0.693147180559945,2
"34","MARCH",2024-03-29,"LANTANGPEO","D",5,"D5",7,"11",14:05:00,15:41:00,-5.468265,119.302079,25,20,"29_03_2024_1405_C11_D7_LTPD5",3,NA,"B21","CLOUDY",0.26,"I","",00:37:25,00:38:21,00:16:40,01:32:26,00:06:25,00:21:40,01:04:21,80,80,NA,3,2,0,NA,NA,0,NA,NA,0,NA,NA,0,NA,NA,1,00:43:56,00:37:31,0,NA,NA,0,NA,NA,0,NA,NA,0,NA,NA,1,00:48:39,00:42:14,NA,NA,NA,NA,0,NA,NA,0,NA,NA,0,NA,NA,0,NA,NA,0,NA,NA,"",0,NA,NA,0,NA,NA,0,NA,NA,0,NA,0,NA,NA,0,NA,NA,0,NA,NA,0,NA,NA,0,NA,NA,22.5,0,0,0,0,1
"35","MARCH",2024-03-29,"LANTANGPEO","D",6,"D6",9,"14",14:24:00,15:34:00,-5.467135,119.302812,29,22,"29_03_2024_1424_C14_D9_LTPD6",3,NA,"UNNAME","CLOUDY",0.28,"I","",00:00:17,00:37:59,00:33:11,01:11:27,00:06:17,00:00:20,01:04:50,100,75,NA,6,4,0,NA,NA,0,NA,NA,0,NA,NA,0,NA,NA,1,00:07:50,00:01:33,0,NA,NA,0,NA,NA,0,NA,NA,0,NA,NA,1,NA,NA,NA,NA,NA,NA,0,NA,NA,0,NA,NA,0,NA,NA,0,NA,NA,0,NA,NA,"",0,NA,NA,1,NA,NA,0,NA,NA,0,NA,0,NA,NA,0,NA,NA,0,NA,NA,0,NA,NA,0,NA,NA,25.5,1,1,0,1.38629436111989,4
"36","MARCH",2024-03-29,"LANTANGPEO","L",4,"L4",8,"5",14:18:00,15:31:00,-5.466377,119.30229,39,30,"29_03_2024_1418_C5_D8_LTPL6",2,NA,"B25","CLOUDY",0.28,"I","",00:40:21,00:33:15,NA,01:13:36,00:05:15,00:09:13,00:59:08,100,95,NA,9,6,6,00:05:33,00:00:18,3,00:05:23,00:00:08,0,NA,NA,0,NA,NA,1,00:25:00,00:19:45,0,NA,NA,0,NA,NA,0,NA,NA,0,NA,NA,2,00:33:54,00:28:39,NA,NA,NA,NA,0,NA,NA,0,NA,NA,0,NA,NA,0,NA,NA,0,NA,NA,"",1,00:11:13,00:05:58,0,NA,NA,0,NA,NA,0,NA,0,NA,NA,0,NA,NA,0,NA,NA,0,NA,NA,0,NA,NA,34.5,1,0,0,1.242453324894,6
"37","APRIL",2024-04-25,"LANTANGPEO","D",4,"D4",1,"12",12:28:00,15:09:00,-5.468826,119.300459,30,12,"25_04_2024_1228_C12_D1_LTPD4",4,02:41:00,"B11","SUNNY",0.27,"D","",00:31:28,00:25:43,00:25:43,01:23:37,00:05:28,00:17:00,01:01:09,40,90,"",5,3,0,NA,NA,0,NA,NA,0,NA,NA,0,NA,NA,0,NA,NA,0,NA,NA,0,NA,NA,0,NA,NA,0,NA,NA,3,00:31:52,00:26:24,NA,00:00:43,NA,NA,0,NA,NA,0,NA,NA,0,NA,NA,0,NA,NA,0,NA,NA,NA,0,NA,NA,0,NA,NA,0,NA,NA,0,NA,0,NA,NA,0,NA,NA,0,NA,NA,0,NA,NA,0,NA,NA,21,10,1,0,0.304636097349238,11
"38","APRIL",2024-04-25,"LANTANGPEO","L",6,"L6",2,"1",12:51:00,15:09:00,-5.468651,119.300428,31,18,"25_04_2024_1251_C2_D2_LTPL6",4,02:18:00,"B3","SUNNY",0.26,"D","",00:28:31,00:26:16,00:31:44,01:26:31,00:05:46,00:20:00,01:00:45,80,90,"",5,4,1,00:07:50,00:02:04,0,NA,NA,0,NA,NA,0,NA,NA,0,NA,NA,0,NA,NA,0,NA,NA,0,NA,NA,0,NA,NA,4,00:06:21,00:00:35,NA,NA,NA,NA,0,NA,NA,0,NA,NA,0,NA,NA,0,NA,NA,0,NA,NA,NA,0,NA,NA,2,00:06:00,00:00:14,0,NA,NA,0,NA,0,NA,NA,0,NA,NA,0,NA,NA,0,NA,NA,0,NA,NA,24.5,2,0,0,0.693147180559945,4
"39","APRIL",2024-04-25,"LANTANGPEO","L",4,"L4",5,"5",13:22:00,14:51:00,-5.466377,119.30229,30,18,"25_04_2024_1322_C5_D5_LTPL4",2,01:29:00,"B14","SUNNY",0.24,"D","",00:32:49,00:27:56,NA,01:00:45,00:09:00,NA,00:51:45,70,100,"",4,2,0,NA,NA,0,NA,NA,1,00:37:32,00:28:32,0,NA,NA,0,NA,NA,0,NA,NA,0,NA,NA,0,NA,NA,0,NA,NA,3,00:09:15,00:00:15,NA,NA,NA,NA,0,NA,NA,0,NA,NA,0,NA,NA,0,NA,NA,0,NA,NA,NA,0,NA,NA,0,NA,NA,0,NA,NA,0,NA,0,NA,NA,0,NA,NA,0,NA,NA,0,NA,NA,0,NA,NA,24,0,0,0,0,1
"40","APRIL",2024-04-25,"LANTANGPEO","D",6,"D6",6,"14",13:30:00,14:51:00,-5.467135,119.302812,22,10,"25_04_2024_1330_C14_D6_LTPD6",3,01:21:00,"B19","SUNNY",0.24,"D","",00:25:43,00:25:43,00:06:20,00:57:46,00:05:48,NA,00:51:58,70,50,"",4,2,0,NA,NA,0,NA,NA,0,NA,NA,0,NA,NA,0,NA,NA,0,NA,NA,0,NA,NA,0,NA,NA,0,NA,NA,4,00:08:31,00:02:43,NA,NA,NA,NA,0,NA,NA,0,NA,NA,0,NA,NA,0,NA,NA,0,NA,NA,NA,0,NA,NA,1,00:15:13,00:09:25,0,NA,NA,0,NA,0,NA,NA,0,NA,NA,0,NA,NA,0,NA,NA,0,NA,NA,16,0,0,0,0,1
"41","APRIL",2024-04-26,"LANTANGPEO","D",5,"D5",1,"11",10:05:00,16:34:00,-5.468265,119.302079,29,NA,"26_04_2024_1005_C11_D1_LTPD5",3,06:29:00,"B29","SUNNY",0.21,"I","REDO, CAMERA KEPT IN WATER FOR HOURS. END WATER DEPTH 5 CM",00:30:45,00:26:05,00:07:04,01:03:54,00:05:38,NA,00:58:16,90,70,"",5,3,1,00:48:08,00:42:30,1,NA,00:39:51,0,NA,NA,0,NA,NA,0,NA,NA,0,NA,NA,0,NA,NA,0,NA,NA,0,NA,NA,1,NA,00:31:52,NA,NA,NA,NA,0,NA,NA,0,NA,NA,0,NA,NA,0,NA,NA,0,NA,NA,NA,0,NA,NA,3,NA,00:00:15,0,NA,NA,0,NA,0,NA,NA,0,NA,NA,0,NA,NA,0,NA,NA,0,NA,NA,29,0,0,0,0.562335144618808,4
"42","APRIL",2024-04-26,"LANTANGPEO","L",5,"L5",2,"1",10:06:00,16:34:00,-5.468251,119.301957,26,NA,"26_04_2024_1006_C1_D2_LTPL5",3,06:28:00,"B20","SUNNY",0.21,"I","REDO, CAMERA KEPT IN WATER FOR HOURS. END WATER DEPTH 1 CM",00:37:19,00:31:20,00:18:13,01:26:52,00:06:40,00:18:13,01:01:59,100,15,"",5,2,0,NA,NA,27,00:11:35,00:04:55,0,NA,NA,0,NA,NA,0,NA,NA,0,NA,NA,0,NA,NA,0,NA,NA,0,NA,NA,2,00:24:41,00:18:01,NA,NA,NA,NA,0,NA,NA,0,NA,NA,0,NA,NA,0,NA,NA,0,NA,NA,NA,0,NA,NA,0,NA,NA,0,NA,NA,0,NA,0,NA,NA,0,NA,NA,0,NA,NA,0,NA,NA,0,NA,NA,26,0,0,0,0,27
"43","APRIL",2024-04-26,"LANTANGPEO","E",4,"E4",4,"CNEW",10:36:00,12:15:00,-5.463951,119.287291,64,62,"26_04_2024_1036_CNEW_D4_LTPE4",4,01:39:00,"B6","SUNNY",0.23,"I","",00:21:24,00:21:24,00:21:24,01:22:29,00:05:44,00:17:17,00:59:28,100,100,"",8,6,1,00:40:17,00:34:33,0,NA,NA,0,NA,NA,0,NA,NA,1,00:24:30,00:18:46,0,NA,NA,0,NA,NA,0,NA,NA,0,NA,NA,0,NA,NA,NA,00:18:17,NA,NA,0,NA,NA,0,NA,NA,0,NA,NA,0,NA,NA,0,NA,NA,NA,1,00:59:59,00:54:15,0,NA,NA,0,NA,NA,0,NA,0,NA,NA,0,NA,NA,0,NA,NA,0,NA,NA,0,NA,NA,63,39,1,1,0.438434901762023,43
"44","APRIL",2024-04-26,"LANTANGPEO","E",5,"E5",5,"5",10:55:00,12:05:00,-5.462089,119.286874,52,52,"26_04_2024_C5_D5_LTPE5",3,01:10:00,"B25","SUNNY",0.25,"I","",00:25:43,00:25:43,00:04:56,00:56:22,00:05:34,NA,00:50:48,100,100,"",6,4,0,NA,NA,0,NA,NA,13,00:29:26,00:23:52,0,NA,NA,0,NA,NA,0,NA,NA,0,NA,NA,0,NA,NA,0,NA,NA,1,NA,00:00:00,NA,NA,NA,NA,0,NA,NA,0,NA,NA,0,NA,NA,0,NA,NA,0,NA,NA,NA,0,NA,NA,0,NA,NA,0,NA,NA,0,NA,1,00:43:08,00:37:34,0,NA,NA,0,NA,NA,0,NA,NA,0,NA,NA,52,9,0,0,0.825956701014978,23
"45","APRIL",2024-04-27,"TOMPOTANA","L",2,"L2",1,"1",09:48:00,12:38:00,-5.481132,119.31211,59,50,"27_04_2024_0948_C1_D1_TMPL2",3,02:50:00,"B19","SUNNY",0.24,"I","",00:25:43,00:25:43,00:13:20,01:04:46,00:08:00,NA,00:56:46,80,60,"",7,7,0,NA,NA,2,00:08:27,00:00:27,0,NA,NA,0,NA,NA,0,NA,NA,1,00:48:30,00:40:30,1,00:48:31,00:40:31,0,NA,NA,0,NA,NA,2,00:08:07,00:00:07,NA,NA,NA,NA,0,NA,NA,0,NA,NA,0,NA,NA,0,NA,NA,0,NA,NA,NA,0,NA,NA,0,NA,NA,0,NA,NA,0,NA,0,NA,NA,0,NA,NA,0,NA,NA,0,NA,NA,0,NA,NA,54.5,2,1,3,1.69574253416963,10
"46","APRIL",2024-04-27,"TOMPOTANA","L",1,"L1",2,"12",09:58:00,12:45:00,-5.481016,119.311281,58,61,"27_04_2024_0948_C12_D2_TMPL2",4,02:47:00,"BN2","SUNNY",0.24,"I","",00:30:09,00:30:56,00:35:16,01:36:21,00:09:00,00:27:07,01:00:14,80,75,"",4,2,1,00:39:21,00:30:21,0,NA,NA,0,NA,NA,0,NA,NA,0,NA,NA,0,NA,NA,1,00:34:51,00:25:51,0,NA,NA,0,NA,NA,0,NA,NA,NA,NA,NA,NA,0,NA,NA,0,NA,NA,0,NA,NA,0,NA,NA,0,NA,NA,NA,0,NA,NA,0,NA,NA,0,NA,NA,0,NA,0,NA,NA,0,NA,NA,0,NA,NA,0,NA,NA,0,NA,NA,59.5,2,0,0,0.636514168294813,3
"47","APRIL",2024-04-27,"TOMPOTANA","L",3,"L3",3,"11",10:08:00,12:26:00,-5.47936,119.312033,52,70,"27_04_2024_1008_C11_D3_TMPL3",3,02:18:00,"B11","SUNNY",0.24,"I","",00:30:37,00:41:25,00:08:30,01:20:32,00:07:12,00:08:30,01:04:50,80,70,"",6,4,1,00:52:21,00:45:09,3,00:12:05,00:04:53,0,NA,NA,0,NA,NA,0,NA,NA,0,NA,NA,0,NA,NA,0,NA,NA,0,NA,NA,0,NA,NA,NA,NA,NA,NA,0,NA,NA,0,NA,NA,0,NA,NA,0,NA,NA,0,NA,NA,NA,0,NA,NA,2,NA,00:04:21,0,NA,NA,0,NA,0,NA,NA,0,NA,NA,0,NA,NA,0,NA,NA,0,NA,NA,61,2,0,1,1.32088834314932,8
"48","APRIL",2024-04-27,"TOMPOTANA","D",1,"D1",4,"CNEW",10:15:00,12:23:00,-5.479324,119.311574,67,71,"27_04_2024_1015_CNEW_D4_TMPD1",6,02:08:00,"BN1","SUNNY",0.24,"I","",00:21:24,00:21:24,00:21:24,02:08:24,00:05:56,00:59:12,01:03:16,70,50,"",5,2,0,NA,NA,0,NA,NA,0,NA,NA,0,NA,NA,0,NA,NA,0,NA,NA,0,NA,NA,1,00:13:45,00:07:49,0,NA,NA,0,NA,NA,NA,00:21:24,00:21:24,00:21:24,0,NA,NA,0,NA,NA,0,NA,NA,0,NA,NA,0,NA,NA,NA,0,NA,NA,0,NA,NA,0,NA,NA,0,NA,0,NA,NA,0,NA,NA,0,NA,NA,0,NA,NA,0,NA,NA,69,10,0,0,0.304636097349238,11
"49","APRIL",2024-04-27,"LANTANGPEO","E",6,"E6",5,"14",10:45:00,12:00:00,-5.463902,119.28802,48,41,"27_04_2024_1045_C14_D5_LTPE6",3,01:15:00,"B2","SUNNY",0.26,"I","REDO",00:26:23,00:25:43,00:12:27,01:04:33,00:05:30,NA,00:59:03,100,25,"",4,3,0,NA,NA,0,NA,NA,0,NA,NA,0,NA,NA,1,00:22:12,00:16:42,0,NA,NA,0,NA,NA,0,NA,NA,0,NA,NA,0,NA,NA,NA,NA,NA,NA,0,NA,NA,0,NA,NA,1,00:15:45,00:10:15,0,NA,NA,0,NA,NA,NA,0,NA,NA,0,NA,NA,0,NA,NA,0,NA,0,NA,NA,0,NA,NA,0,NA,NA,0,NA,NA,0,NA,NA,44.5,0,0,6,0.735621939758795,8
"50","APRIL",2024-04-28,"TOMPOTANA","D",2,"D2",1,"1",12:18:00,15:04:00,-5.488066,119.313127,45,41,"28_04_2024_1218_C1_D1_TMPD2",3,02:46:00,"B25","DRIZZLE",0.32,"I","",00:33:35,00:25:43,00:05:01,01:04:19,00:06:00,NA,00:58:19,100,70,"",8,8,0,NA,NA,1,00:33:29,00:27:29,0,NA,NA,0,NA,NA,1,00:45:50,00:39:50,0,NA,NA,0,NA,NA,0,NA,NA,1,00:36:25,00:30:25,4,00:19:34,00:13:34,NA,NA,NA,NA,1,00:35:00,00:29:00,0,NA,NA,1,00:25:15,00:19:15,0,NA,NA,0,NA,NA,NA,0,NA,NA,0,NA,NA,0,NA,NA,0,NA,0,NA,NA,0,NA,NA,0,NA,NA,0,NA,NA,0,NA,NA,43,1,0,1,1.94591014905531,7
"51","APRIL",2024-04-28,"TOMPOTANA","D",3,"D3",2,"12",12:34:00,14:58:00,-5.488916,119.309448,32,53,"28_04_2024_1234_C21_D2_TMPD3",3,02:24:00,"B14","DRIZZLE",0.32,"I","",00:28:11,00:28:37,00:09:22,01:06:10,00:05:55,NA,01:00:15,100,80,"",7,5,0,NA,NA,1,00:13:50,00:07:55,0,NA,NA,0,NA,NA,0,NA,NA,0,NA,NA,0,NA,NA,0,NA,NA,0,NA,NA,0,NA,NA,NA,NA,NA,NA,0,NA,NA,0,NA,NA,0,NA,NA,0,NA,NA,0,NA,NA,NA,0,NA,NA,1,00:50:41,00:44:46,0,NA,NA,0,NA,0,NA,NA,0,NA,NA,0,NA,NA,0,NA,NA,0,NA,NA,42.5,3,0,1,1.242453324894,6
"52","APRIL",2024-04-28,"TOMPOTANA","E",2,"E2",3,"11",12:59:00,14:45:00,-5.491987,119.312573,73,73,"28_04_2024_1259_C11_D3_TMPE2",3,01:46:00,"B6","DRIZZLE",0.34,"I","",00:25:43,00:25:43,00:25:43,01:17:09,00:05:45,00:10:00,01:01:24,100,100,"",6,3,0,NA,NA,16,00:33:46,00:28:01,0,NA,NA,0,NA,NA,0,NA,NA,0,NA,NA,0,NA,NA,0,NA,NA,0,NA,NA,0,NA,NA,NA,NA,NA,NA,0,NA,NA,0,NA,NA,0,NA,NA,0,NA,NA,0,NA,NA,NA,0,NA,NA,1,00:24:11,00:18:26,0,NA,NA,0,NA,0,NA,NA,0,NA,NA,0,NA,NA,0,NA,NA,0,NA,NA,73,17,0,0,0.805006218592862,34
"53","APRIL",2024-04-28,"TOMPOTANA","E",3,"E3",4,"CNEW",13:07:00,14:45:00,-5.49282,119.31198,58,62,"28_04_2024_1307_CNEW_D4_TMPE3",3,01:38:00,"B3","DRIZZLE",0.34,"I","",00:22:53,00:21:24,00:04:29,00:48:46,00:06:00,NA,00:42:46,90,65,"FOOTAGE SHORT. MAYBE CHECK IF BEGINNING CAN BE USED",4,3,0,NA,NA,0,NA,NA,0,NA,NA,0,NA,NA,0,NA,NA,0,NA,NA,0,NA,NA,0,NA,NA,0,NA,NA,0,NA,NA,NA,NA,NA,NA,0,NA,NA,0,NA,NA,2,00:25:22,00:19:22,0,NA,NA,0,NA,NA,NA,0,NA,NA,0,NA,NA,0,NA,NA,0,NA,0,NA,NA,0,NA,NA,0,NA,NA,0,NA,NA,0,NA,NA,60,1,0,1,1.03972077083992,4
"54","APRIL",2024-04-28,"TOMPOTANA","E",1,"E1",5,"5",13:25:00,14:40:00,-5.490191,119.311859,80,80,"28_04_2024_1325_C5_D5_TMPE1",3,01:15:00,"B21","DRIZZLE",0.36,"I","",00:25:43,00:25:43,00:24:44,01:16:10,00:07:40,00:16:24,00:52:06,100,85,"",8,7,0,NA,NA,0,NA,NA,0,NA,NA,0,NA,NA,0,NA,NA,0,NA,NA,1,00:11:40,00:04:00,0,NA,NA,0,NA,NA,0,NA,NA,NA,NA,NA,NA,2,00:07:40,00:00:00,0,00:30:43,NA,0,NA,NA,0,NA,NA,0,NA,NA,NA,0,NA,NA,0,NA,NA,22,00:22:40,00:15:00,1,00:23:03,0,NA,NA,0,NA,NA,0,NA,NA,0,NA,NA,0,NA,NA,80,5,0,1,1.04584784351306,32
"55","MAY",2024-05-28,"TOMPOTANA","D",2,"D2",1,"1",13:02:00,15:20:00,-5.488066,119.313127,50,49,"28_05_2024_1302_C1_D1_TMPD2",4,02:18:00,"BN1","SLIGHTLY CLOUDY",0.52,"I","",00:26:53,00:25:43,00:25:43,01:22:48,00:05:29,00:14:29,01:02:50,80,90,NA,6,6,0,NA,NA,1,00:56:50,00:51:21,0,NA,NA,0,NA,NA,0,NA,NA,0,NA,NA,0,NA,NA,0,NA,NA,0,NA,NA,0,NA,NA,NA,00:04:29,NA,NA,3,00:05:32,00:00:03,0,NA,NA,1,00:46:58,00:41:29,0,NA,NA,0,NA,NA,"",0,NA,NA,0,NA,NA,0,NA,NA,0,NA,0,NA,NA,1,00:53:36,00:48:07,1,00:09:20,00:03:51,0,NA,NA,0,NA,NA,49.5,2,0,3,1.82007597536062,12
"56","MAY",2024-05-28,"TOMPOTANA","E",1,"E1",2,"5",13:10:00,14:56:00,-5.490191,119.311859,80,80,"28_05_2024_1310_C5_D2_TMPE1",3,01:46:00,"B14","SLIGHTLY CLOUDY",0.52,"I","",00:26:43,00:27:55,00:11:21,01:05:59,00:06:27,NA,00:59:32,100,45,NA,4,4,44,00:09:22,00:02:55,0,NA,NA,7,00:08:36,00:02:09,0,NA,NA,0,NA,NA,0,NA,NA,0,NA,NA,0,NA,NA,0,NA,NA,1,00:16:32,00:10:05,NA,NA,NA,NA,0,NA,NA,0,NA,NA,0,NA,NA,0,NA,NA,0,NA,NA,"",0,NA,NA,0,NA,NA,0,NA,NA,0,NA,0,NA,NA,0,NA,NA,0,NA,NA,0,NA,NA,0,NA,NA,80,18,0,0,0.592953317447474,25
"57","MAY",2024-05-28,"TOMPOTANA","E",2,"E2",3,"12",13:16:00,15:11:00,-5.491987,119.312573,64,74,"28_05_2024_1316_C12_D3_TMPE2",3,01:55:00,"B25","SLIGHTLY CLOUDY",0.61,"I","",00:25:42,00:25:43,00:12:36,01:04:01,00:07:12,NA,00:56:49,100,100,NA,5,4,0,NA,NA,2,00:42:56,00:35:44,0,NA,NA,0,NA,NA,0,NA,NA,0,NA,NA,0,NA,NA,0,NA,NA,0,NA,NA,0,NA,NA,NA,NA,NA,NA,0,NA,NA,0,NA,NA,0,NA,NA,0,NA,NA,0,NA,NA,"",0,NA,NA,0,NA,NA,0,NA,NA,0,NA,0,NA,NA,0,NA,NA,0,NA,NA,0,NA,NA,0,NA,NA,69,53,1,1,0.327055376968193,57
"58","MAY",2024-05-28,"TOMPOTANA","D",3,"D3",5,"CNEW",13:34:00,14:48:00,-5.488916,119.309448,67,55,"28_05_2024_1334_CNEW_D5_TMPD3",4,01:14:00,"B18","SLIGHTLY CLOUDY",0.61,"I","",00:22:32,00:21:24,00:21:24,01:26:44,00:05:36,00:16:24,01:04:44,100,90,NA,4,2,0,NA,NA,0,NA,NA,0,NA,NA,0,NA,NA,0,NA,NA,0,NA,NA,0,NA,NA,0,NA,NA,0,NA,NA,0,NA,NA,NA,00:21:24,NA,NA,0,NA,NA,0,NA,NA,0,NA,NA,0,NA,NA,0,NA,NA,"",0,NA,NA,0,NA,NA,0,NA,NA,0,NA,0,NA,NA,0,NA,NA,0,NA,NA,0,NA,NA,0,NA,NA,61,3,0,1,0.562335144618808,4
"59","MAY",2024-05-29,"TOMPOTANA","E",3,"E3",1,"CNEW",12:28:00,15:04:00,-5.49282,119.31198,58,57,"29_05_2024_1228_C1_D1_TMPE3",3,02:36:00,"UNNUMBER","SUNNY",0.17,"I","",00:26:58,00:23:39,00:21:24,01:12:01,00:06:37,NA,01:05:24,90,100,NA,8,8,1,00:21:53,00:15:16,0,NA,NA,0,NA,NA,0,NA,NA,0,NA,NA,0,NA,NA,0,NA,NA,0,NA,NA,0,NA,NA,3,00:19:13,00:12:36,NA,NA,NA,NA,0,NA,NA,0,NA,NA,1,00:21:55,00:15:18,0,NA,NA,0,NA,NA,"",0,NA,NA,0,NA,NA,0,NA,NA,0,NA,0,NA,NA,0,NA,NA,0,NA,NA,0,NA,NA,0,NA,NA,57.5,4,2,2,1.27302833658963,9
"60","MAY",2024-05-29,"TOMPOTANA","L",1,"L1",2,"12",12:47:00,14:47:00,-5.481016,119.311281,57,60,"29_05_2024_1247_C12_D2_TMPL1",3,02:00:00,"B20","SUNNY",0.27,"I","",00:43:28,00:34:20,00:02:51,01:20:39,00:06:19,00:22:11,00:52:09,50,100,NA,5,5,0,NA,NA,0,NA,NA,0,NA,NA,0,NA,NA,0,NA,NA,0,NA,NA,0,NA,NA,0,NA,NA,1,NA,00:24:53,4,00:06:38,00:00:19,NA,NA,NA,NA,1,00:28:30,00:22:11,0,NA,NA,0,NA,NA,0,NA,NA,0,NA,NA,"0:31:12",0,NA,NA,0,NA,NA,0,NA,NA,0,NA,0,NA,NA,0,NA,NA,1,00:23:18,00:16:59,0,NA,NA,0,NA,NA,58.5,1,0,0,1.38629436111989,4
"61","MAY",2024-05-29,"TOMPOTANA","L",2,"L2",3,"1",12:55:00,14:42:00,-5.481132,119.31211,57,63,"29_05_2024_1255_C1_D3_TMPL2",3,01:47:00,"B6","SUNNY",0.27,"I","",00:36:16,00:32:39,00:41:03,01:49:58,00:06:35,00:41:03,01:02:20,60,30,NA,7,6,2,00:19:40,00:13:05,3,NA,00:05:17,2,00:20:48,00:14:13,0,NA,NA,0,NA,NA,0,NA,NA,1,00:20:48,00:14:13,0,NA,NA,0,NA,NA,2,NA,00:02:02,NA,NA,NA,NA,0,NA,NA,0,NA,NA,0,NA,NA,0,NA,NA,0,NA,NA,"",0,NA,NA,0,NA,NA,0,NA,NA,0,NA,0,NA,NA,0,NA,NA,0,NA,NA,0,NA,NA,0,NA,NA,60,2,1,0,1.52295506753132,9
"62","MAY",2024-05-29,"TOMPOTANA","D",1,"D1",4,"14",13:05:00,14:31:00,-5.479324,119.311574,68,70,"29_05_2024_1305_C14_D4_TMPD1",3,01:26:00,"B11","SUNNY",0.27,"I","",00:32:56,00:31:29,00:02:16,01:06:41,00:05:48,NA,01:00:53,100,30,NA,5,4,0,NA,NA,1,00:21:53,00:16:05,0,NA,NA,0,NA,NA,0,NA,NA,0,NA,NA,0,NA,NA,0,NA,NA,0,NA,NA,0,NA,NA,NA,NA,NA,NA,0,NA,NA,0,NA,NA,1,00:46:32,00:40:44,0,NA,NA,0,NA,NA,"",0,NA,NA,0,NA,NA,0,NA,NA,0,NA,0,NA,NA,0,NA,NA,0,NA,NA,0,NA,NA,0,NA,NA,69,3,0,0,0.950270539233235,5
"63","MAY",2024-05-29,"TOMPOTANA","L",3,"L3",5,"11",13:15:00,14:34:00,-5.47936,119.312033,53,58,"29_05_2024_1434_C11_D5_TMPL3",2,01:19:00,"B24","SUNNY",0.27,"I","",00:34:30,00:34:01,NA,01:08:31,00:05:56,NA,01:02:35,60,100,NA,5,5,0,NA,NA,25,00:08:55,00:02:59,0,NA,NA,0,NA,NA,1,01:07:57,01:02:01,0,NA,NA,0,NA,NA,0,NA,NA,0,NA,NA,1,00:06:22,00:00:26,NA,NA,NA,NA,0,NA,NA,0,NA,NA,0,NA,NA,0,NA,NA,0,NA,NA,"",0,NA,NA,1,00:30:07,00:24:11,0,NA,NA,0,NA,0,NA,NA,0,NA,NA,0,NA,NA,0,NA,NA,0,NA,NA,55.5,2,0,0,0.544599623682167,29
"64","MAY",2024-05-30,"LANTANGPEO","L",6,"L6",1,"11",15:53:00,17:57:00,-5.468651,119.300428,37,35,"30_05_2024_1553_C11_D1_LTPL6",3,02:04:00,"BN1","SUNNY",0.48,"I","",00:44:07,00:41:32,00:24:25,01:50:04,00:10:43,00:35:00,01:04:21,70,90,NA,2,2,0,NA,NA,0,NA,NA,0,NA,NA,0,NA,NA,0,NA,NA,1,00:14:13,00:03:30,0,NA,NA,0,NA,NA,0,NA,NA,0,NA,NA,NA,NA,NA,NA,0,NA,NA,0,NA,NA,0,NA,NA,0,NA,NA,0,NA,NA,"",0,NA,NA,0,NA,NA,0,NA,NA,0,NA,0,NA,NA,0,NA,NA,0,NA,NA,0,NA,NA,0,NA,NA,36,17,0,0,0.214559155176405,18
"65","MAY",2024-05-30,"LANTANGPEO","D",4,"D4",2,"1",15:56:00,17:56:00,-5.468826,119.300459,40,38,"30_05_2024_1556_C1_D2_LTPD4",3,02:00:00,"B2","SUNNY",0.48,"I","",00:26:13,00:35:42,00:10:55,01:12:50,00:05:22,00:05:55,01:01:33,90,60,NA,3,1,0,NA,NA,0,NA,NA,0,NA,NA,0,NA,NA,0,NA,NA,0,NA,NA,0,NA,NA,0,NA,NA,0,NA,NA,0,NA,NA,NA,NA,NA,NA,0,NA,NA,0,NA,NA,0,NA,NA,0,NA,NA,0,NA,NA,"",0,NA,NA,0,NA,NA,0,NA,NA,0,NA,0,NA,NA,0,NA,NA,0,NA,NA,0,NA,NA,0,NA,NA,39,2,0,0,0,2
"66","MAY",2024-05-30,"LANTANGPEO","D",5,"D5",3,"14",16:03:00,17:49:00,-5.468265,119.302079,30,25,"30_05_2024_1603_C14_D3_LTPD5",3,01:46:00,"B18","SUNNY",0.48,"I","",00:25:43,00:26:56,00:26:28,01:19:07,00:06:57,00:16:29,00:55:41,80,60,NA,2,0,0,NA,NA,0,NA,NA,0,NA,NA,0,NA,NA,0,NA,NA,0,NA,NA,0,NA,NA,0,NA,NA,0,NA,NA,0,NA,NA,NA,NA,NA,NA,0,NA,NA,0,NA,NA,0,NA,NA,0,NA,NA,0,NA,NA,"",0,NA,NA,0,NA,NA,0,NA,NA,0,NA,0,NA,NA,0,NA,NA,0,NA,NA,0,NA,NA,0,NA,NA,27.5,0,0,0,0,0
"67","MAY",2024-05-30,"LANTANGPEO","L",5,"L5",4,"5",16:06:00,17:50:00,-5.468251,119.301957,40,20,"30_05_2024_1606_C5_D4_LTPL5",3,01:44:00,"B19","SUNNY",0.48,"I","",00:38:07,00:40:02,00:02:52,01:21:01,00:06:16,00:12:52,01:01:53,100,30,NA,4,2,0,NA,NA,0,NA,NA,4,00:16:46,00:10:30,0,NA,NA,0,NA,NA,0,NA,NA,0,NA,NA,0,NA,NA,0,NA,NA,4,00:06:22,00:00:06,NA,NA,NA,NA,0,NA,NA,0,NA,NA,0,NA,NA,0,NA,NA,0,NA,NA,"",0,NA,NA,0,NA,NA,0,NA,NA,0,NA,0,NA,NA,0,NA,NA,0,NA,NA,0,NA,NA,0,NA,NA,30,0,0,0,0,4
"68","MAY",2024-05-30,"LANTANGPEO","L",4,"L4",5,"12",16:20:00,17:44:00,-5.466377,119.30229,41,35,"30_05_2024_1620_C12_D5_LTPL4",3,01:24:00,"B25","SUNNY",0.53,"I","",00:31:19,00:35:07,00:18:19,01:24:45,00:05:49,00:18:19,01:00:37,100,100,NA,5,4,0,NA,NA,2,00:28:47,00:22:58,2,00:58:09,00:52:20,0,NA,NA,0,NA,NA,0,NA,NA,0,NA,NA,0,NA,NA,0,NA,NA,2,00:07:01,00:01:12,NA,NA,NA,NA,0,NA,NA,0,NA,NA,0,NA,NA,0,NA,NA,0,NA,NA,"",0,NA,NA,0,NA,NA,0,NA,NA,0,NA,0,NA,NA,0,NA,NA,0,NA,NA,0,NA,NA,0,NA,NA,38,2,0,0,1.09861228866811,6
"69","MAY",2024-05-30,"LANTANGPEO","D",6,"D6",6,"CNEW",16:26:00,17:47:00,-5.467135,119.302812,30,28,"30_05_2024_1626_CNEW_D6_LTPD6",4,01:21:00,"B3","SUNNY",0.53,"I","",00:24:17,00:21:24,00:24:43,01:39:34,00:05:29,00:29:10,01:04:55,90,70,NA,2,0,0,NA,NA,0,NA,NA,0,NA,NA,0,NA,NA,0,NA,NA,0,NA,NA,0,NA,NA,0,NA,NA,0,NA,NA,0,NA,NA,NA,00:29:10,NA,NA,0,NA,NA,0,NA,NA,0,NA,NA,0,NA,NA,0,NA,NA,"",0,NA,NA,0,NA,NA,0,NA,NA,0,NA,0,NA,NA,0,NA,NA,0,NA,NA,0,NA,NA,0,NA,NA,29,0,0,0,0,0
"70","MAY",2024-05-31,"LANTANGPEO","E",6,"E6",1,"12",07:25:00,09:11:00,-5.463902,119.28802,43,42,"01_06_2024_0725_C12_D1_LTPE6",3,01:46:00,"B21","SUNNY",0.6,"I","REAL DATE 01/06/2024. CHANGED FOR ANALYSIS",00:25:59,00:25:43,00:11:56,01:03:38,00:05:31,NA,00:58:07,100,100,NA,4,3,0,NA,NA,0,NA,NA,0,NA,NA,0,NA,NA,0,NA,NA,0,NA,NA,0,NA,NA,0,NA,NA,0,NA,NA,0,NA,NA,NA,NA,NA,NA,0,NA,NA,0,NA,NA,2,00:08:54,00:03:23,0,NA,NA,0,NA,NA,"",0,NA,NA,0,NA,NA,0,NA,NA,0,NA,0,NA,NA,0,NA,NA,0,NA,NA,0,NA,NA,0,NA,NA,42.5,3,0,2,1.07899220787758,7
"71","MAY",2024-05-31,"LANTANGPEO","E",4,"E4",2,"11",07:28:00,09:09:00,-5.463951,119.287291,70,70,"01_06_2024_0728_C11_D2_LTPE4",4,01:41:00,"BN2","SUNNY",0.6,"I","REAL DATE 01/06/2024. CHANGED FOR ANALYSIS",00:25:43,00:25:43,00:25:43,01:26:53,00:05:30,00:20:27,01:00:56,100,100,NA,3,2,0,NA,NA,0,NA,NA,0,NA,NA,0,NA,NA,0,NA,NA,0,NA,NA,0,NA,NA,0,NA,NA,0,NA,NA,0,NA,NA,NA,00:09:44,NA,NA,0,NA,NA,0,NA,NA,0,NA,NA,0,NA,NA,0,NA,NA,"",0,NA,NA,0,NA,NA,0,NA,NA,0,NA,0,NA,NA,0,NA,NA,0,NA,NA,0,NA,NA,0,NA,NA,70,7,0,2,0.529706199057654,9
"72","MAY",2024-05-31,"LANTANGPEO","E",5,"E5",3,"CNEW",07:42:00,08:57:00,-5.462089,119.286874,58,52,"01_06_2024_0742_CNEW_D3_LTPE5",4,01:15:00,"B14","SUNNY",0.6,"I","REAL DATE 01/06/2024. CHANGED FOR ANALYSIS",00:21:24,00:21:24,00:21:24,01:21:09,00:05:40,00:15:57,00:59:32,70,100,NA,3,1,0,NA,NA,0,NA,NA,0,NA,NA,0,NA,NA,0,NA,NA,0,NA,NA,0,NA,NA,0,NA,NA,0,NA,NA,0,NA,NA,NA,00:16:57,NA,NA,0,NA,NA,0,NA,NA,0,NA,NA,0,NA,NA,0,NA,NA,"",0,NA,NA,0,NA,NA,0,NA,NA,0,NA,0,NA,NA,0,NA,NA,0,NA,NA,0,NA,NA,0,NA,NA,55,27,0,0,0,27
"73","JUNE",2024-07-03,"LANTANGPEO","E",6,"E6",1,"11",08:35:00,10:33:00,-5.463902,119.28802,68,60,"03_07_2024_0835_C11_D1_LTPE6",3,01:58:00,"B24","RAINY",0.78,"I","",00:32:12,00:32:38,00:03:34,01:08:24,00:15:00,NA,00:53:24,60,30,NA,NA,NA,0,NA,NA,0,NA,NA,0,NA,NA,0,NA,NA,0,NA,NA,0,NA,NA,0,NA,NA,0,NA,NA,0,NA,NA,0,NA,NA,NA,NA,NA,NA,0,NA,NA,0,NA,NA,0,NA,NA,0,NA,NA,0,NA,NA,NA,0,NA,NA,0,NA,NA,0,NA,NA,0,NA,0,NA,NA,0,NA,NA,0,NA,NA,0,NA,NA,0,NA,NA,64,0,0,0,0,0
"74","JUNE",2024-07-03,"LANTANGPEO","E",5,"E5",2,"5",08:56:00,10:07:00,-5.462089,119.286874,71,70,"03_07_2024_0856_C5_D2_LTPE5",3,01:11:00,"B20","RAINY",0.82,"I","",00:25:43,00:29:57,00:05:57,01:01:37,00:02:00,NA,00:59:37,90,80,NA,1,1,1,00:29:09,00:27:09,0,NA,NA,0,NA,NA,0,NA,NA,0,NA,NA,0,NA,NA,0,NA,NA,0,NA,NA,0,NA,NA,0,NA,NA,NA,NA,NA,NA,0,NA,NA,0,NA,NA,0,NA,NA,0,NA,NA,0,NA,NA,NA,0,NA,NA,0,NA,NA,0,NA,NA,0,NA,0,NA,NA,0,NA,NA,0,NA,NA,0,NA,NA,0,NA,NA,70.5,10,0,0,0,10
"75","JUNE",2024-07-03,"LANTANGPEO","E",4,"E4",3,"14",09:13:00,10:35:00,-5.463951,119.287291,85,71,"03_07_2024_0913_C14_D3_LTPE4",4,01:22:00,"BN2","RAINY",0.82,"I","",00:26:04,00:28:44,00:25:43,01:24:02,00:08:00,00:13:31,01:02:31,80,35,NA,4,3,0,NA,NA,0,NA,NA,0,NA,NA,0,NA,NA,0,NA,NA,0,NA,NA,0,NA,NA,0,NA,NA,0,NA,NA,0,NA,NA,NA,00:03:31,NA,NA,0,NA,NA,0,NA,NA,0,NA,NA,0,NA,NA,0,NA,NA,NA,1,00:35:06,00:27:06,0,NA,NA,0,NA,NA,0,NA,0,NA,NA,0,NA,NA,0,NA,NA,0,NA,NA,0,NA,NA,78,53,0,1,0.181415523082244,55
"76","JUNE",2024-07-03,"LANTANGPEO","D",4,"D4",5,"14",11:00:00,12:55:00,-5.468826,119.300459,41,9,"03_07_2024_1100_C14_D5_LTPD4",3,01:55:00,"UNNAME","RAINY",0.62,"D","",00:34:46,00:32:19,00:17:59,01:25:04,00:08:00,00:12:59,01:04:05,100,25,NA,7,3,0,NA,NA,0,NA,NA,0,NA,NA,0,NA,NA,0,NA,NA,0,NA,NA,0,NA,NA,0,NA,NA,0,NA,NA,1,00:56:46,00:48:46,NA,NA,NA,NA,0,NA,NA,0,NA,NA,0,NA,NA,0,NA,NA,0,NA,NA,NA,0,NA,NA,2,00:21:35,00:13:35,0,NA,NA,0,NA,0,NA,NA,0,NA,NA,0,NA,NA,0,NA,NA,0,NA,NA,25,7,0,0,0.529706199057654,9
"77","JUNE",2024-07-04,"LANTANGPEO","L",6,"L6",1,"5",09:28:00,11:29:00,-5.468651,119.300428,61,43,"04_07_2024_0928_C5_D1_LTPL6",2,02:01:00,"B21","SUNNY",0.81,"I","REDO",00:39:45,00:37:06,NA,01:16:51,00:07:00,00:08:00,01:01:51,50,30,NA,2,2,0,NA,NA,1,00:17:27,00:10:27,0,NA,NA,0,NA,NA,0,NA,NA,0,NA,NA,0,NA,NA,0,NA,NA,0,NA,NA,0,NA,NA,NA,NA,NA,NA,0,NA,NA,0,NA,NA,0,NA,NA,0,NA,NA,0,NA,NA,NA,0,NA,NA,0,NA,NA,0,NA,NA,0,NA,0,NA,NA,0,NA,NA,0,NA,NA,0,NA,NA,0,NA,NA,52,6,0,0,0.410116318288409,7
"78","JUNE",2024-07-04,"TOMPOTANA","E",3,"E3",7,"5",12:17:00,14:22:00,-5.49282,119.31198,55,25,"04_07_2024_1217_C5_D7_TMPE3",4,02:05:00,"BN1","SUNNY",0.44,"D","",00:25:42,00:25:42,00:24:43,01:23:48,00:05:50,00:17:41,01:00:17,100,100,NA,3,1,1,05:17:00,NA,0,NA,NA,0,NA,NA,0,NA,NA,0,NA,NA,0,NA,NA,0,NA,NA,0,NA,NA,0,NA,NA,0,NA,NA,NA,00:07:41,NA,NA,0,NA,NA,0,NA,NA,0,NA,NA,0,NA,NA,0,NA,NA,NA,0,NA,NA,0,NA,NA,0,NA,NA,0,NA,0,NA,NA,0,NA,NA,0,NA,NA,0,NA,NA,0,NA,NA,40,6,0,0,0,6
"79","JUNE",2024-07-04,"LANTANGPEO","D",5,"D5",2,"12",09:40:00,11:22:00,-5.468265,119.302079,43,35,"04_07_2024_0940_C12_D2_LTPD5",3,01:42:00,"B3","SUNNY",0.81,"I","REDO",00:25:43,00:25:43,00:13:54,01:05:20,00:06:17,NA,00:59:03,80,30,NA,1,0,0,NA,NA,0,NA,NA,0,NA,NA,0,NA,NA,0,NA,NA,0,NA,NA,0,NA,NA,0,NA,NA,0,NA,NA,0,NA,NA,NA,NA,NA,NA,0,NA,NA,0,NA,NA,0,NA,NA,0,NA,NA,0,NA,NA,NA,0,NA,NA,0,NA,NA,0,NA,NA,0,NA,0,NA,NA,0,NA,NA,0,NA,NA,0,NA,NA,0,NA,NA,39,0,0,0,0,0
"80","JUNE",2024-07-04,"LANTANGPEO","L",5,"L5",3,"11",09:40:00,11:22:00,-5.468251,119.301957,50,30,"04_07_2024_0940_C11_D3_LTPL5",2,01:42:00,"B24","SUNNY",0.81,"I","REDO",00:30:01,00:32:34,NA,01:02:35,00:04:20,NA,00:58:15,100,25,NA,3,3,0,NA,NA,11,00:12:39,00:08:19,0,NA,NA,0,NA,NA,1,00:30:41,00:26:21,0,NA,NA,0,NA,NA,0,NA,NA,0,NA,NA,1,00:05:31,00:01:11,NA,NA,NA,NA,0,NA,NA,0,NA,NA,0,NA,NA,0,NA,NA,0,NA,NA,NA,0,NA,NA,0,NA,NA,0,NA,NA,0,NA,0,NA,NA,0,NA,NA,0,NA,NA,0,NA,NA,0,NA,NA,40,0,0,0,0.286835983056161,12
"81","JUNE",2024-07-04,"LANTANGPEO","L",4,"L4",4,"14",09:50:00,11:15:00,-5.466377,119.30229,59,46,"04_07_2024_0950_C14_D4_LTPL4",3,01:25:00,"B20","SUNNY",0.84,"I","REDO",00:25:43,00:25:43,00:19:05,01:10:31,00:05:33,00:05:00,00:59:58,70,80,NA,6,5,0,NA,NA,2,00:10:59,00:05:26,0,NA,NA,0,NA,NA,0,NA,NA,0,NA,NA,0,NA,NA,0,NA,NA,0,NA,NA,1,00:39:21,00:33:48,NA,NA,NA,NA,0,NA,NA,0,NA,NA,0,NA,NA,0,NA,NA,0,NA,NA,NA,0,NA,NA,0,NA,NA,0,NA,NA,0,NA,0,NA,NA,0,NA,NA,0,NA,NA,0,NA,NA,0,NA,NA,52.5,8,0,1,0.759547391474863,11
"82","JUNE",2024-07-04,"TOMPOTANA","E",1,"E1",8,"1",12:35:00,14:44:00,-5.490191,119.311859,45,5,"04_07_2024_1235_C1_D8_TMPE1",4,02:09:00,"B18","SUNNY",0.44,"D","",00:25:42,00:25:43,00:25:43,01:27:19,00:06:00,00:20:11,01:01:08,100,100,NA,5,3,0,NA,NA,0,NA,NA,0,NA,NA,0,NA,NA,0,NA,NA,0,NA,NA,0,NA,NA,0,NA,NA,0,NA,NA,0,NA,NA,NA,00:10:11,NA,NA,2,00:15:54,00:09:54,0,NA,NA,0,NA,NA,0,NA,NA,0,NA,NA,NA,0,NA,NA,0,NA,NA,0,NA,NA,0,NA,0,NA,NA,0,NA,NA,0,NA,NA,0,NA,NA,1,00:06:38,00:00:38,25,26,0,0,0.39844050758377,29
"83","JUNE",2024-07-04,"LANTANGPEO","D",6,"D6",5,"CNEW",09:54:00,11:17:00,-5.467135,119.302812,55,39,"04_07_2024_0954_CNEW_D5_LTPD6",4,01:23:00,"B2","SUNNY",0.84,"I","REDO",00:21:24,00:21:24,00:21:24,01:25:36,00:05:28,00:16:24,01:03:44,100,70,NA,4,3,0,NA,NA,0,NA,NA,0,NA,NA,0,NA,NA,1,00:05:28,00:00:00,0,NA,NA,0,NA,NA,0,NA,NA,0,NA,NA,0,NA,NA,NA,00:21:24,NA,NA,0,NA,NA,0,NA,NA,1,01:00:54,00:55:26,0,NA,NA,0,NA,NA,NA,0,NA,NA,0,NA,NA,0,NA,NA,0,NA,0,NA,NA,0,NA,NA,0,NA,NA,0,NA,NA,0,NA,NA,47,2,0,0,1.03972077083992,4
"84","JUNE",2024-07-04,"TOMPOTANA","E",2,"E2",6,"CNEW",12:04:00,14:17:00,-5.491987,119.312573,80,41,"04_07_2024_1204_CNEW_D6_TMPE2",3,02:13:00,"B25","SUNNY",0.59,"D","",00:21:24,00:21:23,00:20:16,01:03:03,00:04:00,NA,00:59:03,80,100,NA,4,2,1,00:24:52,00:20:52,0,NA,NA,0,NA,NA,0,NA,NA,0,NA,NA,0,NA,NA,0,NA,NA,0,NA,NA,0,NA,NA,0,NA,NA,NA,NA,NA,NA,0,NA,NA,0,NA,NA,0,NA,NA,0,NA,NA,0,NA,NA,NA,0,NA,NA,0,NA,NA,0,NA,NA,0,NA,0,NA,NA,0,NA,NA,0,NA,NA,0,NA,NA,0,NA,NA,60.5,29,0,1,0.146144746008564,30
"85","JUNE",2024-07-05,"TOMPOTANA","D",3,"D3",1,"CNEW",09:39:00,12:13:00,-5.488916,119.309448,60,41,"05_07_2024_0939_CNEW_D1_TMPD3",5,02:34:00,"B20","SUNNY",0.68,"I","PIPA DIAMBIL",00:21:24,00:21:24,00:21:24,01:37:30,00:05:45,00:28:18,01:03:27,100,90,NA,3,3,0,NA,NA,1,00:39:50,00:34:05,0,NA,NA,0,NA,NA,0,NA,NA,0,NA,NA,0,NA,NA,0,NA,NA,0,NA,NA,0,NA,NA,NA,00:21:24,00:11:54,NA,0,NA,NA,0,NA,NA,0,NA,NA,0,NA,NA,0,NA,NA,NA,0,NA,NA,0,NA,NA,0,NA,NA,0,NA,0,NA,NA,0,NA,NA,0,NA,NA,2,00:10:33,00:04:48,0,NA,NA,50.5,2,0,0,1.05492016798614,5
"86","JUNE",2024-07-05,"TOMPOTANA","D",2,"D2",2,"5",09:46:00,12:08:00,-5.488066,119.313127,62,52,"05_07_2024_0946_C5_D2_TMPD2",3,02:22:00,"B19","SUNNY",0.76,"I","",00:27:51,00:25:43,00:07:13,01:00:47,00:05:00,NA,00:55:47,100,60,NA,1,1,0,NA,NA,0,NA,NA,0,NA,NA,0,NA,NA,0,NA,NA,0,NA,NA,0,NA,NA,0,NA,NA,0,NA,NA,0,NA,NA,NA,NA,NA,NA,0,NA,NA,0,NA,NA,0,NA,NA,0,NA,NA,0,NA,NA,NA,0,NA,NA,0,NA,NA,0,NA,NA,0,NA,0,NA,NA,0,NA,NA,0,NA,NA,0,NA,NA,0,NA,NA,57,3,0,0,0,3
"87","JUNE",2024-07-05,"TOMPOTANA","L",2,"L2",3,"12",10:03:00,11:55:00,-5.481132,119.31211,87,62,"05_07_2024_1003_C12_D3_TMPL2",5,01:52:00,"BN2","SUNNY",0.76,"I","",00:25:43,00:26:29,00:26:37,01:48:43,00:07:33,00:39:57,01:01:13,100,90,NA,8,5,0,NA,NA,41,00:12:58,00:05:25,0,NA,NA,0,NA,NA,0,NA,NA,0,NA,NA,0,NA,NA,0,NA,NA,0,NA,NA,3,00:07:59,00:00:26,NA,00:25:43,00:04:11,NA,0,NA,NA,0,NA,NA,0,NA,NA,0,NA,NA,0,NA,NA,NA,0,NA,NA,0,NA,NA,0,NA,NA,0,NA,0,NA,NA,0,NA,NA,0,NA,NA,0,NA,NA,0,NA,NA,74.5,4,1,1,0.492666065979076,47
"88","JUNE",2024-07-05,"TOMPOTANA","L",1,"L1",4,"1",10:14:00,12:00:00,-5.481016,119.311281,75,60,"05_07_2024_1014_C1_D4_TMPL1",3,01:46:00,"B24","SUNNY",0.76,"I","",00:37:01,00:30:10,00:08:10,01:15:21,00:05:23,00:08:10,01:01:48,70,90,NA,1,1,0,NA,NA,0,NA,NA,0,NA,NA,0,NA,NA,0,NA,NA,0,NA,NA,0,NA,NA,0,NA,NA,0,NA,NA,0,NA,NA,NA,NA,NA,NA,0,NA,NA,0,NA,NA,0,NA,NA,0,NA,NA,0,NA,NA,NA,0,NA,NA,0,NA,NA,0,NA,NA,0,NA,0,NA,NA,0,NA,NA,0,NA,NA,0,NA,NA,0,NA,NA,67.5,1,0,0,0,1
"89","JUNE",2024-07-05,"TOMPOTANA","D",1,"D1",5,"11",10:25:00,11:49:00,-5.479324,119.311574,80,74,"05_07_2024_1025_C11_D5_TMPD1",3,01:24:00,"B2","SUNNY",0.81,"I","",00:25:43,00:25:42,00:16:57,01:08:22,00:05:38,NA,01:02:44,100,100,NA,2,1,0,NA,NA,0,NA,NA,0,NA,NA,0,NA,NA,1,00:33:25,00:27:47,0,NA,NA,0,NA,NA,0,NA,NA,0,NA,NA,0,NA,NA,NA,NA,NA,NA,0,NA,NA,0,NA,NA,0,NA,NA,0,NA,NA,0,NA,NA,NA,0,NA,NA,0,NA,NA,0,NA,NA,0,NA,0,NA,NA,0,NA,NA,0,NA,NA,0,NA,NA,0,NA,NA,77,0,0,0,0,1
"90","JUNE",2024-07-05,"TOMPOTANA","L",3,"L3",6,"14",10:30:00,11:44:00,-5.47936,119.312033,73,60,"05_07_2024_1030_C14_D6_TMPL3",3,01:14:00,"B3","SUNNY",0.81,"I","",00:33:19,00:35:02,00:07:40,01:16:01,00:05:38,00:07:40,01:02:43,100,95,NA,5,4,1,00:58:39,00:53:01,19,00:05:38,00:00:00,0,NA,NA,0,NA,NA,1,00:28:26,00:22:48,0,NA,NA,0,NA,NA,0,NA,NA,0,NA,NA,2,00:05:47,00:00:09,NA,NA,NA,NA,0,NA,NA,0,NA,NA,0,NA,NA,0,NA,NA,0,NA,NA,NA,0,NA,NA,0,NA,NA,0,NA,NA,0,NA,0,NA,NA,0,NA,NA,0,NA,NA,0,NA,NA,0,NA,NA,66.5,2,1,0,0.642857913090791,23
